{"cameraMode":{"drawMode":0,"name":"Shaded","section":"Shading Mode"},"sceneLighting":true,"audioPlay":false,"sceneViewState":{"m_AlwaysRefresh":false,"showFog":true,"showSkybox":true,"showFlares":true,"showImageEffects":true,"showParticleSystems":true,"showVisualEffectGraphs":true,"m_FxEnabled":true},"in2DMode":false,"pivot":{"x":-9.033580780029297,"y":-1.4154301881790162,"z":4.508540153503418},"rotation":{"x":-0.09828922152519226,"y":0.21381878852844239,"z":-0.021626954898238183,"w":-0.9716809391975403},"size":9.049245834350586,"orthographic":false}