{"cameraMode":{"drawMode":0,"name":"Shaded","section":"Shading Mode"},"sceneLighting":true,"audioPlay":false,"sceneViewState":{"m_AlwaysRefresh":false,"showFog":true,"showSkybox":true,"showFlares":true,"showImageEffects":true,"showParticleSystems":true,"showVisualEffectGraphs":true,"m_FxEnabled":true},"in2DMode":false,"pivot":{"x":-5.27852725982666,"y":-1.7623419761657715,"z":3.8159689903259279},"rotation":{"x":-0.09828922152519226,"y":0.21381878852844239,"z":-0.021626954898238183,"w":-0.9716809391975403},"size":8.059464454650879,"orthographic":false}