{"cameraMode":{"drawMode":0,"name":"Shaded","section":"Shading Mode"},"sceneLighting":true,"audioPlay":false,"sceneViewState":{"m_AlwaysRefresh":false,"showFog":true,"showSkybox":true,"showFlares":true,"showImageEffects":true,"showParticleSystems":true,"showVisualEffectGraphs":true,"m_FxEnabled":true},"in2DMode":false,"pivot":{"x":-7.389900207519531,"y":0.4658409655094147,"z":5.692389488220215},"rotation":{"x":-0.09828922152519226,"y":0.21381878852844239,"z":-0.021626954898238183,"w":-0.9716809391975403},"size":8.849701881408692,"orthographic":false}